chestcircumference,biacromialbreadth,weightkg,stature,t-shirt size
111.4,40.1,794,1655,XL
104.8,43.5,946,1914,L
111.7,41.2,882,1780,XL
123.1,46.6,1116,1861,3XL
111.8,38.5,969,1766,XL
99.9,39.4,760,1748,M
97.7,39.5,746,1680,M
97.1,40.3,782,1745,M
105.7,40.0,882,1818,L
110.8,40.0,947,1760,XL
104.3,42.8,879,1852,L
117.4,41.0,884,1791,2XL
98.1,39.5,719,1737,M
86.5,38.6,575,1744,XS
98.5,38.8,706,1740,M
110.6,39.3,856,1674,XL
116.6,41.6,1095,1779,2XL
146.9,44.8,1400,1840,3XL
90.1,39.4,674,1783,S
126.3,44.0,988,1703,3XL
85.8,38.0,566,1609,XS
104.4,41.0,717,1709,L
90.4,39.7,717,1835,S
97.1,37.3,662,1698,M
105.0,38.1,807,1671,L
98.9,39.5,749,1619,M
97.5,41.5,738,1772,M
93.9,37.2,604,1705,S
98.3,42.1,768,1726,M
104.8,44.7,887,1819,L
97.2,42.3,748,1723,M
104.3,40.7,882,1799,L
90.2,41.9,590,1740,S
104.4,40.2,866,1730,L
91.7,39.5,737,1785,S
91.7,41.5,654,1817,S
92.4,43.5,696,1843,S
99.4,42.8,775,1791,M
106.9,36.7,797,1701,L
99.5,43.9,744,1786,M
110.4,42.1,968,1755,XL
104.5,40.9,866,1791,L
110.9,41.7,920,1790,XL
99.1,40.2,814,1782,M
84.4,34.3,646,1839,XS
117.6,40.7,954,1880,2XL
110.6,41.2,822,1673,XL
116.3,43.4,1112,1831,2XL
104.1,37.9,782,1687,L
105.6,38.5,869,1756,L
135.8,44.7,1413,1846,3XL
98.9,38.9,699,1726,M
125.1,43.8,1212,1877,3XL
111.3,41.7,988,1739,XL
99.7,42.8,782,1746,M
105.7,40.4,831,1750,L
117.5,45.0,1080,1780,2XL
111.5,42.0,949,1797,XL
111.2,43.5,906,1755,XL
116.5,42.7,1069,1842,2XL
105.6,40.1,874,1656,L
104.8,41.7,879,1776,L
104.1,41.8,790,1685,L
122.5,44.5,1099,1819,3XL
110.2,41.6,951,1721,XL
111.6,44.0,951,1777,XL
99.5,38.7,721,1665,M
117.9,40.8,974,1733,2XL
124.1,42.7,1036,1807,3XL
116.7,45.2,1080,1955,2XL
105.8,41.1,851,1838,L
110.2,40.0,865,1706,XL
117.9,43.5,972,1809,2XL
104.8,40.8,842,1734,L
104.9,38.8,755,1724,L
91.3,40.4,701,1715,S
99.5,40.8,783,1757,M
123.7,43.4,1164,1916,3XL
105.9,45.2,908,1855,L
90.7,40.1,677,1718,S
97.8,40.2,725,1702,M
95.6,43.7,782,1842,M
98.5,39.3,728,1673,M
128.5,45.9,1109,1715,3XL
104.9,41.4,907,1756,L
91.3,40.3,682,1717,S
81.0,38.3,474,1567,XS
116.3,41.0,1158,1894,2XL
97.2,42.8,729,1738,M
84.6,38.5,540,1654,XS
117.2,43.0,1071,1813,2XL
104.7,41.3,866,1689,L
97.7,40.8,756,1740,M
104.1,40.6,812,1784,L
116.6,42.9,941,1740,2XL
117.1,39.1,1124,1805,2XL
110.1,44.7,971,1830,XL
105.3,42.3,813,1810,L
97.2,41.9,797,1845,M
91.5,40.5,648,1775,S
110.8,41.2,982,1752,XL
90.7,37.7,568,1606,S
124.1,44.8,1174,1861,3XL
117.8,44.6,970,1754,2XL
87.2,37.5,556,1657,S
88.4,41.2,533,1660,S
124.2,45.5,1096,1750,3XL
110.6,44.0,916,1818,XL
124.2,44.4,1115,1781,3XL
116.6,41.5,1084,1802,2XL
90.4,39.3,637,1669,S
105.2,43.4,887,1782,L
116.2,43.6,1145,1900,2XL
117.2,42.3,1105,1762,2XL
116.8,40.5,871,1711,2XL
104.5,40.3,674,1640,L
123.1,42.5,1026,1704,3XL
91.3,41.4,601,1730,S
104.3,42.6,867,1668,L
116.8,41.0,970,1729,2XL
117.3,43.3,1016,1745,2XL
82.0,36.6,459,1610,XS
99.9,42.7,840,1776,M
111.5,45.9,1114,1791,XL
104.3,41.2,842,1717,L
111.3,44.6,939,1860,XL
105.8,41.6,753,1674,L
93.7,38.5,744,1805,S
97.6,41.2,677,1730,M
89.3,40.3,649,1752,S
98.8,39.4,773,1717,M
122.8,47.5,1203,1923,3XL
97.9,40.0,769,1684,M
105.4,42.2,872,1768,L
110.6,40.9,962,1823,XL
93.7,39.2,727,1856,S
99.2,42.5,752,1709,M
99.8,42.0,744,1775,M
105.6,40.7,818,1712,L
111.8,44.5,867,1751,XL
95.3,43.3,728,1820,M
132.4,43.5,1274,1813,3XL
105.3,42.0,834,1726,L
99.9,40.4,733,1767,M
98.7,42.9,735,1701,M
99.8,41.6,766,1744,M
91.5,37.4,560,1581,S
104.3,40.6,754,1731,L
110.5,42.3,941,1825,XL
93.3,40.6,650,1665,S
110.9,43.0,977,1856,XL
99.0,42.1,763,1807,M
125.6,43.0,1241,1892,3XL
104.2,41.5,876,1795,L
92.5,42.9,689,1798,S
92.9,39.7,736,1721,S
99.6,40.2,702,1745,M
99.8,40.8,699,1717,M
116.4,44.2,1042,1838,2XL
92.2,39.0,633,1639,S
99.4,42.9,709,1662,M
91.1,41.1,621,1759,S
97.2,41.0,714,1663,M
123.3,43.7,1091,1810,3XL
87.2,38.2,545,1583,S
111.0,39.9,885,1681,XL
111.7,40.3,868,1708,XL
104.6,41.5,864,1738,L
97.6,42.9,780,1786,M
90.2,41.3,618,1768,S
99.0,43.8,795,1859,M
124.0,42.8,1075,1807,3XL
99.8,40.8,700,1716,M
91.5,39.7,715,1759,S
111.5,45.3,1010,1926,XL
93.4,40.2,700,1705,S
98.6,41.9,819,1830,M
93.3,42.0,684,1738,S
116.3,45.2,992,1829,2XL
105.7,40.3,777,1696,L
91.7,41.2,628,1727,S
99.6,44.6,791,1785,M
103.4,45.7,868,1845,L
132.7,45.8,1204,1800,3XL
111.9,40.5,809,1773,XL
99.2,40.5,778,1719,M
87.5,39.3,603,1801,S
99.3,40.7,724,1781,M
105.1,41.2,830,1713,L
98.7,40.8,784,1749,M
104.4,41.6,937,1822,L
105.2,38.6,931,1730,L
104.8,42.5,833,1858,L
111.3,40.5,861,1649,XL
111.4,43.3,994,1836,XL
98.3,41.7,708,1720,M
105.7,42.4,836,1725,L
125.4,47.2,1180,1835,3XL
97.8,41.4,751,1805,M
89.4,40.9,630,1786,S
105.8,42.2,880,1751,L
99.8,39.7,722,1750,M
89.3,40.7,621,1758,S
111.5,44.5,927,1803,XL
98.6,41.8,784,1717,M
127.2,45.5,1208,1737,3XL
117.4,43.0,972,1722,2XL
111.4,41.8,902,1731,XL
104.4,42.9,813,1842,L
110.6,43.5,1066,1800,XL
111.6,42.1,1018,1803,XL
111.6,44.0,847,1744,XL
93.4,42.1,651,1687,S
105.4,42.9,867,1897,L
93.2,42.2,635,1749,S
110.7,41.5,894,1788,XL
116.1,43.0,1029,1899,2XL
99.9,41.9,681,1700,M
102.8,45.1,889,1923,L
98.6,43.0,716,1782,M
105.9,41.4,816,1773,L
110.5,42.0,863,1718,XL
91.4,40.7,772,1814,S
104.3,43.1,879,1711,L
99.6,39.6,872,1710,M
91.4,38.9,649,1671,S
98.1,41.5,654,1735,M
105.7,42.5,871,1758,L
110.6,43.2,942,1804,XL
105.5,41.9,837,1731,L
99.3,42.4,745,1779,M
117.2,42.7,1019,1725,2XL
104.9,41.6,878,1742,L
104.3,43.5,918,1793,L
123.2,45.0,1114,1747,3XL
117.4,44.4,1009,1723,2XL
89.9,41.3,625,1828,S
116.3,43.1,1034,1761,2XL
117.9,42.1,1077,1814,2XL
116.3,43.3,959,1800,2XL
105.3,42.1,867,1822,L
105.0,38.8,776,1654,L
110.5,42.1,927,1621,XL
99.7,41.1,783,1716,M
110.3,41.4,862,1644,XL
91.2,39.4,609,1651,S
90.9,44.1,681,1839,S
111.1,41.7,840,1710,XL
110.6,40.7,929,1730,XL
130.9,43.3,1164,1735,3XL
117.7,42.3,977,1729,2XL
98.1,44.2,793,1738,M
122.7,42.5,1140,1907,3XL
117.4,42.1,999,1763,2XL
110.2,42.1,857,1808,XL
110.7,40.5,897,1745,XL
117.6,43.1,982,1729,2XL
93.9,40.6,633,1600,S
105.0,41.7,797,1781,L
97.3,43.7,720,1765,M
92.7,42.8,659,1784,S
125.7,45.6,1247,1808,3XL
104.7,41.6,900,1787,L
104.8,41.2,825,1825,L
110.6,43.0,932,1798,XL
96.7,44.5,837,1802,M
98.8,44.1,795,1707,M
127.7,43.6,1222,1736,3XL
99.7,41.3,684,1613,M
87.2,40.5,584,1638,S
110.8,42.3,961,1779,XL
92.2,41.6,675,1836,S
97.7,41.3,738,1722,M
116.8,42.7,941,1718,2XL
97.7,44.2,650,1883,M
99.0,43.3,742,1838,M
97.5,40.0,756,1772,M
116.1,44.5,1095,1797,2XL
93.0,38.9,669,1699,S
105.2,42.5,899,1723,L
104.1,37.6,799,1691,L
130.1,43.8,1209,1899,3XL
111.1,41.6,854,1727,XL
111.7,39.9,905,1774,XL
111.2,40.1,860,1681,XL
105.6,40.6,861,1771,L
111.4,44.3,971,1826,XL
110.5,41.2,897,1795,XL
111.5,40.4,946,1803,XL
99.0,37.9,717,1785,M
105.4,41.4,813,1773,L
116.5,42.2,949,1790,2XL
98.3,40.3,747,1773,M
99.1,41.5,796,1765,M
105.8,41.8,858,1871,L
98.8,39.5,800,1750,M
111.3,44.2,1054,1904,XL
110.3,44.2,848,1785,XL
122.4,45.9,1223,1903,3XL
123.3,42.8,914,1647,3XL
105.0,38.1,791,1756,L
109.0,36.9,759,1611,L
104.8,41.9,933,1783,L
116.1,42.9,1107,1843,2XL
111.3,40.4,903,1762,XL
110.2,40.5,893,1707,XL
110.9,39.2,934,1812,XL
110.6,43.5,888,1860,XL
104.2,39.4,784,1733,L
104.7,38.2,801,1698,L
104.8,40.0,871,1800,L
99.0,43.4,881,1865,M
105.3,39.6,788,1707,L
105.9,41.1,844,1707,L
110.3,39.2,895,1715,XL
111.7,42.5,904,1717,XL
104.9,39.4,858,1768,L
105.9,42.6,909,1780,L
97.7,40.3,669,1704,M
116.3,42.8,1046,1831,2XL
104.5,41.5,905,1867,L
105.6,41.1,856,1794,L
116.5,41.2,1012,1805,2XL
122.6,43.1,966,1694,3XL
104.4,43.5,788,1765,L
111.8,44.3,926,1802,XL
105.4,41.1,895,1855,L
110.1,41.0,890,1764,XL
110.3,45.3,1015,1807,XL
111.7,40.8,915,1851,XL
111.3,42.9,959,1758,XL
104.8,42.4,837,1745,L
104.3,39.8,828,1728,L
87.9,40.4,578,1671,S
117.8,44.1,1055,1791,2XL
111.4,42.5,937,1853,XL
105.7,42.6,797,1777,L
97.8,42.1,827,1859,M
99.9,39.4,810,1782,M
99.7,35.8,663,1528,M
105.2,41.3,797,1700,L
127.2,42.9,950,1689,3XL
98.3,42.7,782,1794,M
104.2,39.3,859,1710,L
92.2,41.9,700,1792,S
89.9,40.2,657,1735,S
116.6,43.6,987,1767,2XL
104.7,40.2,857,1751,L
105.1,40.5,893,1736,L
90.7,40.5,666,1775,S
116.3,44.5,890,1717,2XL
124.3,45.2,1056,1706,3XL
99.3,40.4,746,1660,M
104.3,36.9,772,1671,L
104.2,41.8,829,1775,L
105.1,38.9,857,1727,L
87.2,36.5,597,1682,S
116.7,41.7,979,1747,2XL
99.5,44.6,897,1966,M
116.8,42.6,1016,1737,2XL
104.8,40.3,761,1692,L
104.6,41.7,801,1744,L
116.7,41.2,1051,1788,2XL
131.7,44.4,1344,1841,3XL
124.2,41.4,1262,1905,3XL
116.8,43.1,1053,1847,2XL
92.8,39.7,678,1724,S
97.6,38.8,703,1717,M
89.0,41.3,657,1781,S
93.7,40.1,720,1766,S
110.6,42.3,1048,1821,XL
105.2,41.3,866,1832,L
92.2,40.9,601,1685,S
116.4,41.8,1120,1788,2XL
97.9,42.5,762,1765,M
129.9,43.7,1278,1818,3XL
85.5,39.2,529,1687,XS
104.7,39.9,849,1844,L
110.6,41.9,823,1790,XL
104.5,41.1,788,1734,L
99.6,42.7,787,1834,M
99.3,40.6,649,1665,M
111.6,42.7,891,1856,XL
93.1,42.6,717,1741,S
110.8,42.0,924,1852,XL
99.1,39.8,826,1733,M
105.3,42.2,811,1689,L
104.6,39.9,773,1709,L
89.7,38.7,660,1771,S
111.6,41.7,963,1791,XL
92.2,41.5,646,1700,S
104.8,43.1,884,1727,L
93.9,41.5,674,1684,S
97.8,41.3,730,1761,M
92.0,41.1,699,1738,S
99.3,42.1,831,1936,M
125.5,47.8,1325,1928,3XL
104.2,43.0,961,1883,L
111.5,39.7,979,1811,XL
84.8,35.5,540,1700,XS
89.2,39.5,608,1664,S
99.6,37.5,739,1733,M
111.4,43.2,1044,1839,XL
77.4,33.7,393,1600,XS
111.3,41.3,897,1771,XL
98.8,43.3,816,1839,M
99.3,42.1,734,1759,M
105.2,42.7,819,1790,L
91.2,39.9,593,1728,S
117.4,43.5,1019,1814,2XL
105.6,40.3,795,1772,L
93.5,42.0,709,1750,S
105.5,41.6,828,1785,L
97.1,39.4,708,1699,M
98.0,40.4,703,1768,M
111.9,42.2,902,1712,XL
91.2,40.8,600,1674,S
110.4,42.2,912,1746,XL
98.0,41.1,820,1797,M
89.0,41.1,579,1735,S
92.6,39.9,558,1658,S
110.9,43.7,985,1856,XL
116.1,41.6,972,1704,2XL
105.8,43.3,934,1787,L
104.2,40.3,857,1653,L
85.1,39.1,634,1779,XS
111.8,41.6,883,1759,XL
89.5,40.6,591,1738,S
97.7,40.7,742,1736,M
92.6,41.1,658,1724,S
110.6,41.6,983,1736,XL
92.2,38.9,638,1736,S
124.4,42.7,1298,1810,3XL
104.1,38.6,804,1746,L
99.1,39.0,773,1736,M
107.8,46.6,1062,1880,XL
105.6,41.4,790,1703,L
91.8,42.2,741,1822,S
86.5,36.7,591,1679,XS
105.9,39.2,822,1766,L
91.2,40.3,643,1735,S
105.1,41.1,878,1812,L
103.1,45.2,883,1832,L
111.7,42.0,898,1800,XL
122.4,42.0,1128,1704,3XL
117.0,42.4,1059,1775,2XL
91.7,38.4,557,1650,S
111.3,38.9,852,1682,XL
111.6,42.5,956,1691,XL
117.3,43.0,1046,1844,2XL
105.7,41.2,784,1745,L
122.3,44.2,1036,1768,3XL
97.3,38.4,642,1693,M
99.2,38.0,690,1683,M
98.8,42.4,807,1881,M
110.4,43.7,1015,1799,XL
129.7,46.6,1092,1835,3XL
104.2,43.5,731,1744,L
104.1,42.7,834,1772,L
93.6,38.9,661,1660,S
116.1,43.9,1029,1824,2XL
117.8,44.1,1081,1857,2XL
97.9,41.7,696,1746,M
105.1,40.1,817,1676,L
104.9,44.7,919,1789,L
117.9,40.5,1070,1785,2XL
111.5,42.3,965,1764,XL
105.2,41.0,880,1730,L
131.2,46.8,1254,1912,3XL
105.0,40.8,758,1734,L
111.7,39.9,863,1670,XL
110.4,41.7,947,1805,XL
105.4,39.3,854,1775,L
117.6,41.6,1035,1730,2XL
126.1,44.1,1213,1759,3XL
117.0,42.5,1051,1781,2XL
111.3,44.4,956,1847,XL
110.8,41.8,962,1819,XL
110.8,41.1,895,1730,XL
127.4,44.5,1198,1818,3XL
104.6,40.8,752,1695,L
116.8,40.9,954,1780,2XL
117.1,42.2,1025,1666,2XL
105.9,41.7,865,1768,L
98.2,41.7,771,1752,M
104.4,40.5,843,1776,L
105.2,41.0,878,1674,L
117.1,41.6,1019,1721,2XL
99.4,39.6,760,1705,M
110.2,43.0,946,1768,XL
111.1,42.3,873,1780,XL
98.1,41.8,730,1803,M
99.9,41.3,711,1785,M
117.6,43.6,990,1776,2XL
116.8,40.5,1125,1860,2XL
116.6,44.5,1032,1730,2XL
125.1,43.4,1052,1728,3XL
98.7,41.5,752,1740,M
92.2,41.3,724,1771,S
105.3,42.1,874,1803,L
116.4,42.9,946,1815,2XL
104.3,42.9,1039,1882,L
105.3,39.9,759,1668,L
106.4,46.9,853,1835,XL
116.4,43.3,1032,1829,2XL
111.9,42.4,1078,1827,XL
105.5,40.8,962,1785,L
98.2,42.6,762,1827,M
99.7,42.8,712,1796,M
111.2,42.4,818,1713,XL
93.2,38.4,760,1823,S
110.9,43.2,952,1842,XL
105.3,37.3,764,1673,L
116.6,44.3,1001,1771,2XL
97.3,42.3,758,1729,M
111.7,42.0,921,1833,XL
111.4,43.1,966,1694,XL
104.1,40.5,798,1668,L
110.6,42.5,955,1814,XL
127.7,43.9,1142,1811,3XL
97.7,40.3,698,1771,M
91.2,39.8,594,1665,S
104.2,42.5,892,1827,L
104.9,40.5,879,1791,L
110.8,42.2,1007,1822,XL
126.1,44.5,1192,1838,3XL
98.4,43.9,809,1842,M
130.2,43.5,1256,1801,3XL
90.7,38.1,632,1607,S
93.9,42.1,746,1792,S
122.8,41.4,1083,1746,3XL
111.8,43.5,940,1780,XL
127.7,43.7,1183,1805,3XL
98.7,40.7,789,1723,M
104.8,41.4,804,1745,L
97.9,38.8,727,1715,M
111.7,40.8,908,1763,XL
111.4,43.4,953,1740,XL
110.2,43.1,840,1771,XL
90.7,38.9,646,1701,S
111.2,41.4,915,1721,XL
125.1,43.5,1108,1811,3XL
97.7,37.4,710,1672,M
122.3,44.3,1067,1770,3XL
128.3,44.6,1158,1811,3XL
104.8,40.6,772,1690,L
84.7,41.2,694,1927,XS
99.3,42.4,793,1737,M
123.2,44.4,1139,1745,3XL
105.4,40.1,972,1824,L
88.1,38.8,594,1670,S
92.5,38.6,691,1655,S
104.7,39.5,741,1696,L
111.3,42.3,877,1790,XL
105.3,41.9,946,1774,L
105.9,41.9,833,1698,L
111.9,45.2,926,1807,XL
97.7,40.3,716,1641,M
110.4,42.7,940,1778,XL
90.4,39.6,598,1664,S
97.3,39.4,734,1759,M
92.3,41.6,657,1714,S
99.8,39.3,664,1628,M
110.7,39.6,910,1678,XL
117.2,42.4,1034,1756,2XL
83.8,37.9,587,1685,XS
104.3,41.9,787,1740,L
93.6,38.6,631,1680,S
104.7,42.6,910,1758,L
116.5,41.0,1066,1861,2XL
116.5,45.0,1083,1850,2XL
86.2,37.7,575,1651,XS
96.7,44.3,808,1835,M
99.2,40.2,766,1864,M
137.2,48.3,1429,1867,3XL
117.8,43.6,943,1745,2XL
104.3,41.5,817,1717,L
98.9,42.3,701,1735,M
88.0,38.4,523,1603,S
93.9,39.5,687,1801,S
104.8,40.5,778,1702,L
116.4,41.5,894,1773,2XL
90.4,39.9,678,1765,S
104.3,41.9,818,1790,L
117.2,44.4,1047,1792,2XL
116.5,41.3,956,1767,2XL
92.8,39.8,689,1678,S
111.2,41.3,909,1728,XL
104.3,41.4,822,1730,L
97.1,39.9,698,1800,M
88.9,42.5,656,1753,S
111.3,40.1,892,1719,XL
91.4,39.1,659,1696,S
99.3,39.9,796,1671,M
99.3,41.0,804,1741,M
110.1,41.2,995,1813,XL
94.9,43.1,720,1797,M
116.8,43.2,1054,1752,2XL
99.2,39.3,798,1767,M
104.2,43.6,843,1802,L
97.1,43.9,686,1772,M
110.4,41.7,970,1849,XL
110.1,41.1,846,1727,XL
99.1,41.5,819,1809,M
110.7,42.2,920,1785,XL
99.4,40.3,811,1732,M
89.6,39.8,579,1644,S
97.7,38.6,668,1715,M
97.5,39.0,802,1658,M
104.9,42.1,778,1638,L
98.5,41.7,772,1799,M
111.3,42.3,904,1826,XL
111.6,40.4,916,1792,XL
103.9,45.8,828,1854,L
99.9,40.1,749,1691,M
104.1,38.9,726,1711,L
93.3,37.1,639,1640,S
90.8,38.0,643,1670,S
111.2,44.5,916,1785,XL
116.1,44.8,1051,1871,2XL
92.9,43.1,650,1736,S
104.3,40.5,798,1700,L
111.1,44.5,1017,1828,XL
123.7,42.2,1082,1714,3XL
111.9,43.1,1077,1842,XL
125.8,46.1,1292,1909,3XL
93.8,40.0,661,1726,S
98.5,43.7,728,1726,M
98.5,42.2,657,1670,M
104.6,39.0,781,1630,L
111.4,44.2,916,1796,XL
104.6,42.0,796,1687,L
111.6,38.7,916,1775,XL
97.5,41.3,820,1782,M
91.9,41.3,719,1781,S
92.6,39.7,683,1728,S
87.7,38.1,628,1729,S
110.5,41.6,894,1752,XL
99.0,38.9,618,1570,M
117.4,43.8,1041,1744,2XL
129.1,42.5,1345,1819,3XL
97.4,41.9,764,1842,M
104.6,43.1,874,1680,L
110.5,43.6,1008,1822,XL
105.2,43.1,806,1777,L
117.1,42.8,944,1775,2XL
98.8,39.5,769,1713,M
105.4,41.5,799,1747,L
126.7,44.9,1103,1854,3XL
124.8,45.9,1180,1799,3XL
116.7,41.8,997,1784,2XL
111.4,43.6,918,1739,XL
105.4,42.9,870,1730,L
117.0,42.7,992,1768,2XL
98.7,38.8,779,1688,M
125.7,44.4,1193,1805,3XL
105.8,43.9,916,1817,L
91.2,38.3,630,1727,S
111.4,42.8,984,1755,XL
93.6,40.2,651,1717,S
122.3,40.4,1115,1810,3XL
105.9,40.7,891,1790,L
99.8,40.5,741,1833,M
98.9,38.6,710,1620,M
93.2,40.9,653,1728,S
92.2,39.8,646,1767,S
105.4,41.7,811,1754,L
110.9,39.4,821,1723,XL
125.7,43.2,1176,1886,3XL
104.7,40.5,796,1668,L
99.5,40.9,701,1795,M
93.1,40.1,610,1678,S
111.3,40.6,881,1723,XL
110.7,44.2,998,1868,XL
125.3,43.3,1030,1678,3XL
126.0,40.8,1194,1779,3XL
111.6,45.8,1040,1900,XL
124.3,43.9,1240,1871,3XL
98.0,40.5,757,1754,M
123.9,41.7,1116,1717,3XL
111.9,41.5,920,1770,XL
93.9,41.0,700,1850,S
126.0,45.3,1127,1853,3XL
97.6,40.7,781,1750,M
90.6,42.1,634,1721,S
117.2,43.4,998,1706,2XL
99.4,42.9,844,1782,M
128.5,45.3,1371,1895,3XL
93.1,41.5,719,1859,S
105.8,41.3,903,1790,L
116.5,44.0,1057,1799,2XL
104.8,41.7,860,1716,L
110.8,41.0,882,1641,XL
128.9,46.5,1225,1890,3XL
99.1,40.2,723,1653,M
111.7,42.5,982,1797,XL
92.2,41.8,694,1796,S
111.9,41.5,940,1744,XL
99.0,40.0,705,1709,M
97.8,39.7,670,1692,M
88.7,38.0,599,1710,S
111.4,43.1,971,1798,XL
92.5,40.2,721,1772,S
111.6,44.7,886,1792,XL
99.3,38.3,689,1728,M
110.6,39.6,941,1701,XL
90.4,39.7,670,1800,S
105.4,40.6,848,1745,L
104.7,43.7,972,1942,L
93.8,40.0,847,1919,S
127.5,44.2,1195,1766,3XL
93.6,40.5,585,1686,S
111.7,39.9,938,1774,XL
123.7,45.5,1106,1882,3XL
116.7,41.5,1180,1911,2XL
97.8,40.4,791,1788,M
124.1,45.7,1273,1774,3XL
104.2,40.9,837,1767,L
110.1,38.2,940,1773,XL
132.7,46.3,1235,1797,3XL
111.4,42.7,1012,1862,XL
116.7,40.8,940,1771,2XL
122.6,43.5,1129,1889,3XL
110.8,42.3,895,1792,XL
92.2,38.1,640,1741,S
93.5,40.7,582,1707,S
116.9,42.7,1026,1807,2XL
98.1,41.1,722,1774,M
110.4,38.5,896,1795,XL
90.8,39.0,572,1787,S
99.7,42.6,808,1835,M
97.7,41.9,761,1745,M
123.2,42.6,1025,1687,3XL
93.3,39.8,645,1693,S
98.7,39.1,743,1674,M
97.2,41.0,825,1786,M
105.7,43.0,889,1827,L
98.6,39.5,773,1696,M
92.6,39.5,650,1767,S
92.2,41.4,611,1769,S
98.8,41.1,721,1638,M
98.1,38.7,592,1572,M
122.4,44.4,1186,1878,3XL
88.6,38.8,613,1730,S
90.6,41.8,670,1838,S
98.8,40.8,704,1720,M
93.6,42.1,682,1760,S
98.5,40.8,775,1793,M
104.3,42.1,761,1735,L
111.8,40.4,888,1641,XL
99.3,39.5,828,1713,M
105.6,41.8,856,1802,L
92.2,39.9,634,1753,S
98.8,42.8,677,1694,M
98.1,37.0,658,1572,M
122.4,46.3,1197,1890,3XL
93.9,39.4,753,1776,S
91.8,39.2,583,1657,S
111.2,42.2,919,1758,XL
104.2,38.5,745,1691,L
93.0,39.7,634,1737,S
86.6,36.4,565,1662,XS
110.7,43.6,995,1807,XL
92.3,42.0,694,1831,S
89.2,40.3,578,1693,S
110.7,40.4,952,1747,XL
128.0,48.2,1258,1871,3XL
99.4,40.9,729,1763,M
110.8,41.5,864,1687,XL
104.6,40.0,795,1659,L
98.8,38.2,737,1690,M
97.1,41.8,722,1769,M
97.3,40.5,695,1735,M
124.9,45.1,1189,1844,3XL
116.2,43.7,1251,1890,2XL
85.6,37.6,600,1689,XS
128.5,41.6,1337,1937,3XL
110.2,43.1,1012,1822,XL
104.1,43.2,920,1742,L
110.8,41.5,1044,1773,XL
110.7,40.3,884,1683,XL
117.0,41.0,951,1763,2XL
97.8,40.5,771,1708,M
99.7,43.0,734,1714,M
116.4,42.1,951,1748,2XL
86.1,40.2,587,1734,XS
105.6,41.6,921,1784,L
111.9,42.3,761,1754,XL
117.2,43.6,1052,1830,2XL
111.7,39.7,857,1676,XL
99.0,41.7,749,1694,M
110.2,40.5,916,1779,XL
93.8,40.9,682,1694,S
97.5,41.4,672,1696,M
96.8,43.9,744,1835,M
110.6,36.8,873,1570,L
116.2,40.5,974,1652,2XL
91.8,40.4,699,1733,S
97.3,39.9,768,1722,M
111.8,41.0,882,1758,XL
116.1,41.4,980,1717,2XL
111.5,42.1,919,1717,XL
110.7,41.2,1046,1794,XL
98.9,38.0,639,1568,M
99.5,40.7,752,1723,M
110.8,41.0,822,1760,XL
98.0,40.2,737,1714,M
105.7,40.4,890,1731,L
93.9,41.3,662,1724,S
91.4,38.7,616,1638,S
91.3,38.8,585,1649,S
104.6,38.1,809,1719,L
128.4,44.4,1189,1773,3XL
110.3,43.6,944,1814,XL
104.7,44.6,883,1884,L
116.4,41.9,1005,1811,2XL
93.2,39.7,705,1604,S
97.5,40.2,707,1732,M
87.9,38.3,623,1792,S
105.4,44.6,997,1867,L
105.9,43.0,851,1825,L
99.9,41.3,812,1808,M
110.4,40.3,972,1789,XL
93.9,40.3,737,1754,S
104.2,43.9,847,1897,L
85.5,41.0,609,1772,XS
89.5,40.3,618,1764,S
105.9,42.3,852,1820,L
91.0,38.0,631,1680,S
91.5,40.6,621,1790,S
99.5,39.3,743,1689,M
105.6,41.2,866,1845,L
105.0,42.0,728,1638,L
98.4,39.5,731,1646,M
89.5,40.8,720,1853,S
110.6,41.7,882,1703,XL
125.6,42.2,1065,1684,3XL
93.7,40.5,659,1642,S
92.5,39.3,734,1761,S
92.6,39.9,621,1726,S
99.8,39.4,766,1660,M
117.0,40.7,906,1692,2XL
125.0,46.7,1028,1760,3XL
126.9,45.9,1260,1803,3XL
124.8,41.7,1157,1748,3XL
117.8,41.8,1001,1714,2XL
116.2,44.1,1052,1784,2XL
105.1,41.2,744,1659,L
128.5,44.1,1287,1777,3XL
116.6,43.8,1050,1885,2XL
137.4,45.3,1307,1763,3XL
111.7,42.9,953,1775,XL
91.7,39.8,781,1823,S
106.6,46.3,868,1816,XL
97.9,42.5,923,1886,M
91.9,36.3,646,1720,S
111.2,41.3,887,1730,XL
99.7,39.5,696,1747,M
91.0,37.4,584,1629,S
99.8,40.0,720,1656,M
105.8,41.7,914,1775,L
98.5,38.6,675,1629,M
104.4,39.7,752,1672,L
93.9,41.1,771,1896,S
97.4,40.4,712,1684,M
117.9,38.9,946,1747,XL
105.1,41.6,890,1744,L
131.3,44.3,1354,1883,3XL
116.2,42.5,1020,1837,2XL
92.8,38.7,646,1663,S
116.2,43.9,1030,1819,2XL
105.5,39.7,909,1771,L
99.4,43.1,778,1790,M
97.4,37.1,778,1823,M
93.4,41.1,692,1762,S
93.8,39.3,660,1735,S
97.7,39.9,751,1778,M
99.4,41.5,771,1777,M
104.4,41.3,858,1710,L
122.2,41.6,1010,1743,3XL
110.4,38.6,898,1701,XL
128.8,44.8,1263,1823,3XL
116.1,41.6,1054,1816,2XL
93.6,38.4,660,1619,S
98.2,38.5,746,1614,M
93.7,38.9,708,1737,S
98.2,41.5,754,1774,M
122.8,43.9,1111,1834,3XL
97.8,38.8,694,1664,M
98.3,40.5,680,1774,M
104.7,40.1,942,1748,L
117.4,44.4,1096,1774,2XL
111.2,42.4,976,1762,XL
98.6,41.7,762,1785,M
98.6,42.8,756,1746,M
99.8,37.8,717,1622,M
105.6,39.7,822,1712,L
111.2,41.6,951,1657,XL
104.2,43.6,867,1784,L
99.6,42.7,772,1760,M
90.7,41.3,630,1714,S
97.5,41.7,770,1739,M
111.5,42.1,941,1827,XL
93.2,41.6,644,1750,S
116.4,46.0,1012,1844,2XL
92.0,40.4,765,1846,S
104.6,40.6,901,1854,L
90.7,39.8,607,1687,S
91.8,37.7,595,1736,S
98.9,39.5,705,1713,M
97.3,41.0,704,1682,M
105.8,39.6,804,1662,L
105.8,41.6,844,1839,L
105.4,41.8,872,1794,L
111.6,43.3,907,1704,XL
110.2,43.3,840,1748,XL
99.8,40.3,781,1717,M
89.4,38.1,639,1697,S
97.8,39.0,698,1611,M
97.6,41.5,810,1760,M
86.8,37.4,581,1661,XS
97.7,41.6,729,1707,M
98.5,37.0,829,1685,M
95.3,43.1,724,1846,M
127.8,43.6,1200,1783,3XL
98.6,40.2,694,1630,M
110.2,41.8,894,1694,XL
89.0,39.9,677,1703,S
99.6,39.8,811,1711,M
104.3,40.1,753,1754,L
104.9,40.9,869,1837,L
105.5,38.4,803,1654,L
91.8,40.8,696,1737,S
98.4,44.3,730,1675,M
117.3,43.2,1015,1747,2XL
105.8,43.0,802,1690,L
98.4,38.3,840,1784,M
116.1,42.2,1202,1814,2XL
92.2,41.7,676,1802,S
110.8,43.2,880,1730,XL
91.7,41.7,657,1770,S
90.2,43.6,686,1899,S
110.1,40.3,865,1825,XL
97.1,40.4,641,1734,M
99.3,41.1,842,1813,M
125.5,44.0,1219,1741,3XL
117.2,43.5,1158,1819,2XL
105.3,42.2,857,1739,L
98.4,42.4,672,1716,M
116.3,42.9,977,1674,2XL
105.8,41.3,869,1751,L
99.3,42.6,760,1738,M
90.9,43.1,689,1767,S
104.7,39.9,793,1660,L
104.4,39.8,869,1688,L
102.1,46.7,806,1861,L
110.1,41.9,986,1725,XL
99.6,37.9,761,1721,M
93.4,41.9,719,1853,S
98.7,39.9,727,1652,M
130.2,46.5,1265,1827,3XL
116.3,43.3,1123,1833,2XL
89.0,37.5,637,1689,S
104.2,44.7,819,1720,L
98.0,41.7,764,1713,M
104.4,38.3,874,1756,L
98.1,40.6,727,1674,M
101.1,45.6,714,1838,L
99.6,39.5,750,1733,M
105.8,42.3,929,1725,L
98.5,38.4,786,1687,M
85.8,39.7,591,1784,XS
84.8,38.1,552,1662,XS
123.6,44.1,1143,1814,3XL
98.2,42.8,732,1863,M
129.0,45.3,1231,1786,3XL
93.3,39.2,685,1689,S
90.9,41.0,633,1698,S
98.0,40.2,800,1671,M
99.7,41.4,845,1807,M
122.1,44.1,1178,1688,3XL
88.8,42.4,644,1816,S
104.3,40.8,791,1760,L
99.8,40.5,744,1757,M
125.4,43.2,1181,1765,3XL
125.5,45.0,1090,1729,3XL
105.5,40.6,925,1761,L
123.3,47.6,1196,1864,3XL
90.0,40.2,634,1746,S
104.2,42.8,840,1798,L
111.2,44.2,991,1773,XL
92.0,40.7,677,1784,S
110.2,43.7,899,1794,XL
89.6,40.6,601,1737,S
125.8,44.3,1206,1666,3XL
104.5,42.1,816,1780,L
104.3,42.8,783,1740,L
110.9,41.2,817,1667,XL
104.7,42.6,869,1694,L
110.9,41.6,974,1736,XL
99.4,38.9,776,1740,M
97.4,38.4,718,1750,M
82.6,40.9,596,1807,XS
93.1,38.2,605,1623,S
105.0,42.2,786,1806,L
111.6,41.8,955,1750,XL
97.9,43.2,760,1840,M
92.8,43.0,687,1782,S
110.6,42.6,922,1779,XL
99.3,43.1,678,1665,M
97.6,37.4,715,1690,M
91.7,40.7,732,1888,S
93.4,40.2,723,1818,S
97.9,45.0,700,1791,M
98.0,45.2,760,1828,M
98.4,39.4,717,1674,M
116.1,42.1,965,1716,2XL
105.2,40.7,846,1784,L
105.9,37.0,734,1688,L
93.8,39.0,708,1708,S
110.6,40.4,880,1779,XL
98.7,41.0,715,1685,M
123.3,44.1,1089,1762,3XL
105.3,40.3,864,1736,L
98.6,40.6,738,1804,M
99.4,40.5,766,1822,M
88.3,39.3,590,1743,S
104.4,41.6,873,1765,L
105.6,40.7,771,1725,L
125.2,45.0,1146,1827,3XL
116.2,43.5,1035,1781,2XL
116.2,42.2,988,1673,2XL
110.4,44.4,992,1787,XL
104.2,44.2,826,1740,L
105.2,40.4,874,1791,L
99.2,39.8,639,1679,M
93.3,38.4,722,1814,S
110.8,39.2,841,1740,XL
92.0,38.9,669,1707,S
105.2,41.5,823,1721,L
98.2,42.7,768,1852,M
105.4,41.5,815,1651,L
110.2,43.1,838,1707,XL
98.8,43.0,768,1795,M
110.5,39.7,937,1709,XL
97.3,41.4,640,1802,M
117.6,40.7,1112,1721,2XL
97.7,39.4,660,1618,M
99.6,42.0,741,1804,M
92.4,41.4,718,1785,S
93.4,39.2,725,1676,S
97.6,40.3,645,1646,M
96.4,43.5,766,1859,M
95.7,44.1,744,1710,M
93.8,39.3,633,1789,S
99.2,38.2,775,1737,M
89.0,39.0,535,1624,S
98.6,39.5,762,1622,M
126.3,45.0,1049,1687,3XL
92.3,39.5,667,1705,S
105.8,43.6,869,1810,L
111.9,43.1,1007,1831,XL
99.3,37.1,758,1663,M
99.3,39.0,758,1854,M
87.0,41.9,569,1688,S
116.1,40.7,1081,1799,2XL
111.9,42.7,933,1772,XL
111.0,39.8,1010,1826,XL
99.1,41.0,750,1733,M
97.9,39.0,742,1775,M
104.3,40.6,863,1704,L
98.9,40.7,795,1838,M
97.7,41.4,753,1752,M
98.6,40.3,672,1688,M
105.3,42.5,785,1684,L
98.2,42.3,690,1779,M
92.9,41.9,660,1779,S
99.7,40.6,786,1767,M
92.8,38.0,622,1681,S
110.5,44.2,936,1838,XL
111.3,40.9,798,1737,XL
93.7,40.0,654,1811,S
104.5,45.1,779,1824,L
98.2,38.5,765,1745,M
105.7,41.5,797,1761,L
95.2,34.8,632,1647,S
98.6,43.0,769,1809,M
104.4,42.8,848,1758,L
105.3,40.8,753,1673,L
104.7,38.2,829,1748,L
104.2,39.8,758,1672,L
92.0,43.8,682,1821,S
104.7,45.2,869,1830,L
109.2,46.3,873,1854,XL
115.1,47.6,1200,1846,2XL
97.6,38.2,689,1717,M
105.3,39.0,862,1719,L
91.8,39.6,620,1717,S
89.5,40.9,651,1718,S
86.6,40.7,567,1690,XS
105.7,44.3,828,1794,L
89.8,37.0,640,1787,S
125.8,44.3,1149,1743,3XL
116.8,43.0,998,1726,2XL
91.4,39.8,682,1741,S
99.8,41.8,808,1788,M
125.1,43.1,1124,1836,3XL
111.1,42.2,1116,1818,XL
90.5,36.3,606,1612,S
127.8,48.4,1201,1836,3XL
111.7,41.8,865,1697,XL
112.4,38.8,898,1707,XL
111.3,41.2,975,1799,XL
89.5,38.3,584,1589,S
91.0,40.3,701,1755,S
97.1,41.0,719,1795,M
98.9,40.5,764,1722,M
92.5,37.8,702,1864,S
98.3,40.7,713,1660,M
92.9,40.0,691,1696,S
97.1,42.9,743,1772,M
89.4,41.6,630,1713,S
99.7,41.5,764,1715,M
84.2,37.9,567,1668,XS
89.7,37.3,648,1665,S
97.5,42.8,758,1869,M
98.5,38.8,716,1681,M
105.7,42.1,882,1798,L
93.2,40.4,694,1682,S
92.4,39.2,710,1806,S
98.2,40.5,686,1684,M
89.4,38.3,560,1674,S
99.4,37.9,782,1786,M
88.5,41.5,614,1697,S
98.2,42.6,756,1816,M
104.6,39.9,781,1681,L
111.4,44.2,1001,1803,XL
97.8,43.5,819,1800,M
105.5,40.3,888,1673,L
97.5,41.9,763,1874,M
89.6,41.4,608,1691,S
97.8,40.4,697,1723,M
98.9,42.7,779,1840,M
103.1,45.4,843,1821,L
110.1,44.3,894,1787,XL
93.0,38.5,716,1830,S
99.0,40.2,791,1745,M
99.0,41.0,813,1795,M
97.2,39.3,724,1698,M
91.2,41.2,676,1791,S
92.5,39.3,667,1703,S
99.2,38.5,740,1744,M
93.4,36.6,606,1677,S
104.6,42.0,826,1736,L
99.3,41.3,747,1786,M
97.9,42.7,726,1743,M
97.9,38.1,677,1733,M
98.2,39.8,725,1803,M
84.1,35.6,478,1491,XS
99.6,41.4,766,1765,M
97.5,42.7,750,1760,M
105.7,41.7,846,1745,L
105.6,40.0,892,1851,L
90.2,40.5,674,1768,S
92.1,38.1,721,1798,S
98.3,41.7,689,1656,M
99.2,41.5,817,1764,M
98.0,38.8,681,1715,M
97.9,41.2,669,1681,M
91.7,41.3,722,1808,S
99.5,38.9,889,1674,M
99.8,37.2,705,1604,M
98.0,39.6,783,1766,M
111.3,40.1,835,1806,XL
96.2,43.3,723,1776,M
99.4,41.3,787,1753,M
97.6,40.2,671,1764,M
105.7,39.0,885,1773,L
99.4,41.2,773,1790,M
99.8,42.3,807,1867,M
104.4,42.6,831,1788,L
104.4,41.8,821,1747,L
105.6,44.3,922,1742,L
97.7,41.1,764,1783,M
90.5,40.2,661,1724,S
98.7,39.6,727,1754,M
93.2,36.8,657,1624,S
93.9,41.9,691,1794,S
97.1,43.5,781,1798,M
104.4,40.8,861,1679,L
104.4,39.7,839,1750,L
97.6,41.3,752,1843,M
116.1,42.7,1059,1717,2XL
126.6,44.3,1205,1773,3XL
105.9,39.8,876,1806,L
110.9,42.1,838,1676,XL
105.8,40.2,860,1716,L
98.0,41.5,813,1778,M
105.2,44.0,782,1707,L
86.9,38.3,549,1712,XS
90.0,41.0,663,1772,S
123.7,44.7,1147,1820,3XL
87.9,35.7,546,1579,S
117.2,40.1,859,1678,2XL
105.4,40.2,870,1773,L
87.6,42.2,697,1821,S
106.0,46.2,942,1846,XL
91.0,40.2,620,1737,S
98.6,41.2,735,1693,M
105.2,42.1,907,1763,L
105.8,41.6,876,1804,L
123.7,43.1,1063,1823,3XL
117.7,42.8,893,1775,2XL
92.1,42.8,776,1744,S
98.8,44.8,801,1868,M
97.7,41.2,757,1811,M
110.8,41.3,938,1715,XL
111.1,42.3,888,1744,XL
88.0,39.9,621,1724,S
91.4,42.2,636,1630,S
89.2,41.8,608,1713,S
122.6,46.0,1210,1838,3XL
98.2,39.7,744,1772,M
125.9,47.8,1114,1846,3XL
110.6,42.3,913,1805,XL
99.9,39.8,713,1680,M
105.7,39.1,869,1800,L
99.7,41.5,866,1861,M
99.4,40.3,725,1664,M
99.1,41.0,745,1629,M
97.5,41.6,792,1856,M
116.7,43.4,1052,1757,2XL
92.9,41.4,663,1750,S
112.6,38.6,905,1735,XL
86.4,40.2,587,1739,XS
97.2,40.6,687,1634,M
123.5,39.2,1090,1772,2XL
89.0,38.9,576,1600,S
105.8,40.7,922,1657,L
98.3,44.5,815,1898,M
110.4,41.9,920,1693,XL
127.9,44.2,1442,1910,3XL
117.5,42.7,1062,1790,2XL
91.4,40.5,622,1684,S
110.1,43.4,1022,1861,XL
91.5,41.3,697,1763,S
98.6,42.0,793,1750,M
116.2,40.9,995,1786,2XL
99.7,39.4,760,1689,M
93.1,40.0,673,1819,S
98.1,41.5,852,1815,M
120.5,38.8,1065,1781,XL
104.8,39.6,769,1784,L
111.5,41.1,947,1749,XL
98.0,40.9,754,1782,M
116.7,44.6,1052,1760,2XL
99.2,44.6,747,1837,M
104.2,42.1,845,1718,L
110.2,40.2,843,1654,XL
110.6,38.9,925,1834,XL
104.4,41.8,926,1810,L
105.7,41.1,815,1728,L
98.3,41.6,850,1830,M
104.2,40.0,879,1805,L
111.2,44.0,882,1766,XL
92.8,41.0,712,1740,S
104.3,44.8,833,1845,L
99.2,41.0,862,1858,M
99.8,40.8,823,1758,M
111.8,40.7,932,1801,XL
105.1,41.2,879,1761,L
99.2,40.5,733,1726,M
111.8,39.7,907,1717,XL
111.6,43.4,875,1811,XL
98.4,41.3,740,1751,M
111.6,43.8,993,1819,XL
111.6,40.9,984,1771,XL
117.4,43.7,879,1783,2XL
97.2,39.5,803,1722,M
99.0,42.9,836,1850,M
104.3,43.2,810,1816,L
110.9,43.4,936,1772,XL
90.8,40.6,619,1735,S
104.2,39.9,772,1705,L
116.7,43.0,1090,1777,2XL
88.8,39.3,603,1762,S
98.8,37.5,791,1688,M
99.1,43.0,791,1850,M
97.6,42.2,771,1764,M
117.5,42.2,969,1738,2XL
85.8,38.3,564,1577,XS
99.3,41.2,728,1707,M
110.9,43.2,1033,1863,XL
111.2,41.2,1020,1856,XL
111.2,44.9,1007,1934,XL
97.7,40.1,690,1673,M
115.1,48.9,1126,1944,2XL
117.2,38.9,917,1726,XL
87.8,39.7,542,1670,S
111.0,41.0,948,1765,XL
111.2,40.0,891,1651,XL
111.2,42.4,988,1808,XL
110.9,41.7,898,1719,XL
90.2,40.6,645,1794,S
88.6,42.5,623,1736,S
104.7,40.7,769,1616,L
91.7,41.1,627,1744,S
104.7,43.1,855,1816,L
99.1,39.9,628,1575,M
104.8,40.4,813,1645,L
104.4,41.8,823,1810,L
104.1,40.0,825,1718,L
99.1,44.0,773,1814,M
117.6,43.0,1099,1857,2XL
123.8,42.4,1059,1765,3XL
116.5,44.4,1044,1748,2XL
105.7,41.3,846,1730,L
123.8,44.1,1223,1870,3XL
105.9,41.3,1000,1870,L
97.8,41.4,835,1780,M
98.2,40.5,690,1761,M
105.3,43.2,941,1781,L
122.3,41.7,1145,1761,3XL
105.6,44.1,833,1836,L
110.9,42.4,868,1809,XL
110.4,42.5,966,1751,XL
111.9,41.0,921,1707,XL
116.6,41.6,1135,1831,2XL
105.8,37.2,735,1621,L
105.4,44.1,886,1814,L
117.4,46.1,1064,1805,2XL
111.2,45.5,951,1847,XL
99.6,41.0,714,1694,M
89.9,41.0,578,1673,S
117.7,41.9,962,1672,2XL
85.7,40.2,596,1774,XS
90.4,40.9,682,1781,S
111.4,46.4,1023,1890,XL
104.8,46.3,1010,1926,L
104.7,40.1,794,1638,L
90.6,39.3,606,1789,S
104.1,41.5,833,1738,L
117.3,43.7,1025,1862,2XL
105.1,38.7,828,1696,L
97.9,37.8,702,1629,M
127.7,47.8,1223,1866,3XL
104.1,36.3,727,1648,L
111.5,39.7,880,1808,XL
93.3,39.8,700,1676,S
105.3,40.8,786,1660,L
99.1,41.2,785,1757,M
86.2,36.0,533,1698,XS
90.6,40.7,677,1761,S
98.7,38.5,757,1641,M
83.7,38.5,551,1708,XS
97.3,38.0,751,1680,M
92.8,38.9,633,1733,S
124.4,43.4,1239,1906,3XL
93.1,43.8,687,1777,S
110.6,40.8,823,1678,XL
99.5,43.6,816,1852,M
107.2,47.1,871,1864,XL
104.4,42.2,797,1790,L
117.9,43.8,1105,1951,2XL
117.2,45.7,1038,1751,2XL
117.9,41.5,879,1678,2XL
111.7,40.5,890,1695,XL
110.7,42.4,910,1651,XL
104.4,39.9,789,1690,L
105.7,40.0,775,1672,L
84.0,40.0,516,1670,XS
104.6,42.0,887,1768,L
111.5,42.8,949,1855,XL
99.9,39.3,748,1693,M
104.1,44.7,808,1807,L
98.4,41.3,741,1790,M
91.9,38.7,611,1711,S
98.7,41.0,658,1678,M
99.2,42.7,753,1766,M
97.2,42.1,725,1718,M
105.7,44.7,914,1828,L
115.7,47.1,921,1818,2XL
117.1,43.7,1012,1797,2XL
104.7,42.7,856,1730,L
117.7,44.4,1002,1783,2XL
93.4,39.3,689,1829,S
110.3,40.5,958,1765,XL
91.3,40.2,597,1663,S
104.2,40.8,730,1663,L
93.8,39.8,668,1725,S
111.2,44.3,1076,1763,XL
116.2,42.0,958,1640,2XL
117.7,40.4,983,1687,2XL
99.4,39.8,783,1793,M
86.7,39.4,603,1677,XS
98.8,39.3,708,1623,M
111.0,40.3,946,1718,XL
105.8,44.7,956,1881,L
90.8,39.5,602,1755,S
124.7,44.6,1153,1738,3XL
98.1,40.6,720,1714,M
98.3,38.8,752,1703,M
110.8,44.3,1062,1839,XL
98.4,42.1,710,1726,M
117.0,41.8,947,1647,2XL
105.3,41.4,761,1702,L
104.6,41.8,846,1775,L
99.3,41.1,774,1683,M
126.7,46.2,1271,1900,3XL
110.4,40.0,842,1786,XL
104.8,40.0,792,1712,L
110.2,43.4,848,1760,XL
111.3,38.2,880,1720,XL
123.4,42.0,1067,1730,3XL
105.5,43.0,778,1800,L
93.4,40.3,695,1706,S
104.1,44.9,1017,1980,L
104.7,39.5,815,1747,L
90.5,37.8,606,1719,S
92.6,40.4,778,1790,S
93.6,37.2,650,1688,S
122.8,44.3,1126,1762,3XL
98.7,40.9,727,1840,M
105.4,41.3,829,1735,L
105.6,43.5,879,1802,L
98.4,41.0,756,1769,M
97.6,43.7,780,1897,M
128.2,44.6,1302,1786,3XL
105.7,43.2,821,1907,L
118.3,38.8,1098,1779,XL
97.9,41.6,760,1687,M
110.4,41.2,926,1805,XL
86.2,37.3,562,1702,XS
104.2,41.1,874,1746,L
105.9,41.7,880,1722,L
91.0,41.2,689,1930,S
97.1,39.8,681,1582,M
122.7,42.9,1129,1807,3XL
111.0,45.0,994,1743,XL
111.2,42.0,1054,1714,XL
98.7,38.2,664,1697,M
92.7,39.8,679,1751,S
97.8,40.9,865,1834,M
124.8,45.4,1239,1815,3XL
89.1,40.2,631,1700,S
111.6,41.1,965,1808,XL
92.6,36.5,682,1679,S
110.6,45.8,935,1767,XL
105.4,41.5,875,1668,L
117.4,42.6,1131,1850,2XL
97.3,39.2,744,1766,M
91.9,38.2,647,1638,S
117.2,41.8,1019,1818,2XL
92.7,41.6,681,1664,S
98.1,42.3,793,1833,M
111.7,41.0,948,1690,XL
117.8,45.2,1132,1934,2XL
99.3,39.3,688,1651,M
116.7,42.7,1052,1768,2XL
110.1,43.8,927,1743,XL
105.9,40.0,820,1715,L
105.4,44.0,825,1847,L
98.8,39.4,762,1684,M
105.9,42.8,894,1865,L
105.3,38.5,791,1732,L
99.7,43.4,750,1764,M
97.5,39.8,752,1766,M
90.1,38.5,596,1681,S
99.4,41.1,861,1658,M
88.9,37.9,552,1588,S
110.7,42.1,907,1788,XL
93.8,42.5,690,1806,S
95.9,44.7,690,1770,M
105.5,42.2,840,1796,L
104.6,42.0,812,1785,L
104.7,42.7,875,1771,L
111.4,41.2,872,1685,XL
97.1,39.5,700,1675,M
111.8,42.0,870,1690,XL
96.8,44.5,787,1888,M
98.7,43.0,793,1841,M
99.4,42.4,867,1866,M
110.7,40.9,938,1687,XL
124.2,42.6,1046,1724,3XL
98.9,41.6,768,1710,M
111.3,40.0,869,1710,XL
93.9,42.0,651,1798,S
104.4,41.1,831,1738,L
104.3,40.2,847,1725,L
99.7,41.6,855,1774,M
125.0,44.3,1111,1705,3XL
116.1,42.0,966,1821,2XL
129.7,44.7,1123,1771,3XL
111.7,40.8,954,1750,XL
117.3,42.9,1076,1757,2XL
110.1,43.5,998,1873,XL
105.7,39.1,767,1635,L
127.7,44.2,1329,1779,3XL
104.1,42.1,878,1734,L
105.3,40.0,822,1663,L
97.7,38.4,672,1631,M
110.6,43.8,913,1749,XL
97.1,39.5,720,1754,M
105.6,39.7,767,1717,L
133.6,44.8,1209,1705,3XL
123.3,42.3,1100,1844,3XL
98.6,39.7,723,1695,M
98.7,41.1,820,1781,M
125.4,42.9,1096,1787,3XL
117.4,47.1,1162,1874,2XL
99.9,42.4,774,1774,M
110.6,43.6,851,1793,XL
99.4,41.0,754,1761,M
104.4,41.5,863,1755,L
104.3,42.6,836,1800,L
126.5,45.0,1369,1862,3XL
105.8,38.9,861,1706,L
117.7,46.2,1055,1712,2XL
88.8,41.2,587,1707,S
99.9,39.1,712,1635,M
122.3,44.7,995,1740,3XL
124.6,46.0,1285,1885,3XL
99.4,42.4,881,1848,M
110.5,43.0,897,1697,XL
105.2,43.3,979,1819,L
98.6,43.0,693,1723,M
111.1,43.0,888,1808,XL
98.6,40.7,758,1786,M
105.3,39.8,903,1802,L
87.9,40.5,563,1665,S
128.2,43.2,1336,1800,3XL
98.5,44.3,769,1808,M
104.4,40.7,807,1765,L
127.2,44.0,1121,1874,3XL
97.9,40.6,709,1711,M
93.2,43.1,790,1887,S
93.2,40.6,688,1725,S
98.9,40.0,748,1762,M
99.2,39.6,746,1689,M
110.5,42.2,900,1778,XL
110.2,42.4,943,1814,XL
118.2,39.4,933,1675,2XL
93.7,37.6,572,1605,S
105.4,39.3,791,1711,L
122.4,46.8,1166,1823,3XL
117.4,43.5,1107,1801,2XL
117.6,42.9,1055,1802,2XL
110.3,42.3,982,1820,XL
110.8,43.3,959,1780,XL
117.3,43.7,957,1711,2XL
110.4,39.3,809,1679,XL
111.7,40.6,840,1674,XL
105.8,43.8,870,1850,L
105.7,45.3,944,1908,L
105.2,44.4,802,1792,L
92.3,40.6,667,1722,S
105.6,41.8,840,1713,L
111.0,44.6,887,1861,XL
123.7,41.9,1102,1754,3XL
104.3,37.4,829,1762,L
117.7,39.0,826,1627,2XL
99.2,39.5,750,1862,M
128.7,42.8,1264,1881,3XL
110.4,42.2,894,1675,XL
92.8,40.3,682,1840,S
125.3,44.7,1189,1780,3XL
117.6,41.9,922,1768,2XL
123.3,41.7,1049,1690,3XL
111.7,42.7,994,1773,XL
98.8,38.6,729,1733,M
93.2,41.4,696,1813,S
117.9,41.7,1038,1834,2XL
104.5,42.0,944,1864,L
127.6,41.3,1375,1885,3XL
105.3,40.8,843,1800,L
90.1,37.8,660,1725,S
105.4,40.9,830,1740,L
111.4,42.0,900,1621,XL
117.7,43.2,1015,1707,2XL
91.6,41.2,574,1717,S
105.3,39.9,675,1643,L
98.5,40.4,779,1748,M
126.8,42.8,1207,1834,3XL
124.2,40.7,1034,1645,3XL
92.2,38.2,664,1717,S
97.6,39.2,789,1758,M
105.7,38.1,836,1604,L
91.8,43.7,713,1781,S
105.4,41.1,842,1788,L
111.2,40.0,932,1718,XL
105.8,39.3,809,1707,L
104.3,41.1,802,1840,L
87.1,39.5,606,1711,S
104.2,42.3,801,1807,L
98.6,40.8,668,1739,M
104.1,42.5,811,1703,L
88.2,41.3,591,1770,S
111.7,41.2,924,1747,XL
117.0,42.6,938,1848,2XL
98.1,41.8,735,1788,M
105.3,40.2,839,1684,L
91.4,40.0,678,1764,S
104.4,42.1,811,1729,L
89.8,42.1,588,1835,S
117.5,43.2,941,1739,2XL
99.2,41.0,804,1735,M
104.8,41.4,849,1750,L
117.3,42.4,1025,1772,2XL
104.6,42.8,864,1832,L
117.0,42.2,1094,1850,2XL
112.2,38.8,936,1675,XL
104.2,44.3,861,1792,L
93.5,41.3,707,1753,S
110.6,43.5,969,1816,XL
104.2,41.7,718,1600,L
97.8,41.6,699,1655,M
97.7,39.5,711,1608,M
93.5,42.4,744,1784,S
93.0,43.7,632,1778,S
116.2,43.7,967,1772,2XL
105.5,40.2,789,1694,L
97.6,41.0,733,1661,M
111.9,39.9,872,1725,XL
104.2,41.7,803,1687,L
117.1,44.4,966,1749,2XL
98.6,44.1,757,1924,M
99.4,39.5,733,1713,M
99.3,40.2,730,1737,M
123.8,41.1,1095,1745,3XL
93.9,40.3,687,1744,S
111.7,43.2,950,1797,XL
117.4,42.5,970,1648,2XL
97.3,41.2,697,1627,M
87.3,39.8,625,1703,S
104.4,44.6,898,1868,L
105.6,40.6,805,1720,L
110.8,42.3,980,1682,XL
110.6,41.3,1020,1853,XL
105.6,42.0,801,1728,L
104.2,42.0,890,1783,L
97.4,41.2,684,1787,M
97.7,41.4,797,1757,M
85.3,38.7,578,1750,XS
125.3,43.3,1093,1702,3XL
104.4,42.6,821,1839,L
99.0,37.7,691,1619,M
111.4,42.3,913,1790,XL
104.9,41.5,861,1807,L
117.1,43.0,1083,1746,2XL
110.6,38.2,883,1673,XL
99.0,39.5,682,1649,M
111.2,38.9,924,1732,XL
97.6,43.4,762,1858,M
93.1,37.9,711,1640,S
111.8,40.4,1010,1761,XL
99.6,38.7,746,1668,M
105.6,38.7,840,1740,L
98.9,43.0,750,1790,M
126.3,44.2,1106,1708,3XL
98.9,39.4,727,1684,M
87.7,36.6,663,1682,S
98.1,41.2,734,1666,M
97.4,43.2,687,1727,M
111.9,43.0,925,1828,XL
99.4,43.3,796,1795,M
97.2,39.9,746,1736,M
93.0,42.8,726,1778,S
91.5,41.7,687,1771,S
104.2,42.8,892,1845,L
93.6,41.3,690,1738,S
91.4,41.3,691,1784,S
98.3,38.6,730,1746,M
123.8,43.2,1049,1735,3XL
117.2,42.4,978,1728,2XL
117.1,43.2,969,1719,2XL
97.5,42.7,783,1878,M
110.9,41.5,843,1751,XL
116.7,41.8,969,1722,2XL
93.4,40.8,609,1653,S
99.3,38.6,742,1734,M
110.6,42.1,955,1737,XL
105.3,41.1,952,1838,L
90.8,39.1,662,1764,S
105.5,41.8,821,1724,L
104.7,41.8,844,1755,L
99.4,42.7,800,1808,M
89.9,40.3,676,1792,S
97.3,41.6,683,1756,M
105.3,41.5,849,1718,L
111.6,42.7,957,1789,XL
105.4,42.2,773,1633,L
104.1,38.9,746,1680,L
104.8,44.5,917,1799,L
92.7,41.3,670,1788,S
99.0,40.2,726,1708,M
124.2,45.9,1185,1872,3XL
104.1,42.9,829,1897,L
99.4,42.3,781,1706,M
104.7,44.0,771,1838,L
99.4,39.8,731,1714,M
104.3,42.0,775,1683,L
132.1,43.3,1346,1812,3XL
117.2,42.3,1013,1781,2XL
98.7,39.0,802,1764,M
93.7,41.4,697,1661,S
99.6,41.5,736,1636,M
110.1,42.4,936,1784,XL
97.3,41.3,700,1771,M
110.1,42.7,980,1703,XL
104.4,42.7,784,1763,L
88.4,40.0,588,1746,S
93.4,41.0,672,1757,S
90.7,36.6,620,1567,S
92.5,42.4,792,1871,S
105.4,40.9,858,1728,L
104.5,40.7,832,1690,L
98.4,41.9,731,1718,M
